City_ID,City,Country,Date,Lat,Lng,Max Temp,Humidity,Cloudiness,Wind Speed
0,Troitsko-Pechorsk,RU,2022-07-09 03:09:11,62.7084,56.1964,67.32,71,79,2.8
1,Rikitea,PF,2022-07-09 03:09:11,-23.1203,-134.9692,74.28,81,100,21.45
2,Green Valley,US,2022-07-09 03:05:08,31.8543,-110.9937,99.37,15,17,7.85
3,Bluff,NZ,2022-07-09 03:09:11,-46.6,168.3333,43.81,61,100,26.8
4,Khatanga,RU,2022-07-09 03:09:12,71.9667,102.5,46.31,90,100,12.82
5,Mataura,NZ,2022-07-09 03:09:12,-46.1927,168.8643,43.48,94,100,8.46
6,Cukai,MY,2022-07-09 03:09:12,4.25,103.4167,86.4,63,90,3.51
7,Punta Arenas,CL,2022-07-09 03:09:13,-53.15,-70.9167,33.91,100,100,11.5
8,Ushuaia,AR,2022-07-09 03:07:52,-54.8,-68.3,31.66,80,100,19.57
9,Dikson,RU,2022-07-09 03:09:13,73.5069,80.5464,33.91,88,100,9.84
10,Nador,MA,2022-07-09 03:09:14,35.174,-2.9287,73.65,88,40,3.44
11,Dingle,PH,2022-07-09 03:09:14,10.9995,122.6711,84.51,75,100,9.84
12,Bandarbeyla,SO,2022-07-09 03:09:14,9.4942,50.8122,77.79,62,10,30.78
13,Bitung,ID,2022-07-09 03:09:15,1.4451,125.1824,90.45,78,57,11.54
14,Georgetown,MY,2022-07-09 03:04:26,5.4112,100.3354,86.9,79,20,3.44
15,Butaritari,KI,2022-07-09 03:09:15,3.0707,172.7902,81.57,78,100,12.95
16,Hamilton,US,2022-07-09 03:06:14,39.1834,-84.5333,74.25,91,75,5.75
17,Mo I Rana,NO,2022-07-09 03:09:16,66.3128,14.1428,51.33,95,100,0.0
18,Mar Del Plata,AR,2022-07-09 03:05:35,-38.0023,-57.5575,53.1,78,0,25.99
19,Albany,US,2022-07-09 03:09:16,42.6001,-73.9662,70.21,80,99,5.14
20,Tiksi,RU,2022-07-09 03:09:16,71.6872,128.8694,47.59,56,100,10.76
21,Arraial Do Cabo,BR,2022-07-09 03:08:18,-22.9661,-42.0278,68.68,85,23,10.65
22,Bathsheba,BB,2022-07-09 03:09:17,13.2167,-59.5167,81.21,91,20,19.57
23,Mitu,CO,2022-07-09 03:09:17,1.1983,-70.1733,72.01,100,100,2.15
24,Cape Town,ZA,2022-07-09 03:05:02,-33.9258,18.4232,59.88,61,49,1.01
25,Bredasdorp,ZA,2022-07-09 03:09:18,-34.5322,20.0403,52.25,64,2,6.55
26,Verkhnevilyuysk,RU,2022-07-09 03:09:18,63.4453,120.3167,72.37,56,47,3.31
27,Vaini,TO,2022-07-09 03:09:18,-21.2,-175.2,78.96,73,40,9.22
28,San Quintin,MX,2022-07-09 03:09:19,30.4833,-115.95,66.16,84,0,12.82
29,Lancaster,US,2022-07-09 03:04:54,40.2504,-76.2499,78.03,80,100,1.01
30,Cowra,AU,2022-07-09 03:09:19,-33.8333,148.6833,46.44,73,100,4.74
31,Jumla,NP,2022-07-09 03:09:20,29.2747,82.1838,65.39,95,97,3.22
32,Malkapur,IN,2022-07-09 03:09:20,20.8833,76.2,78.01,86,100,10.45
33,Nanortalik,GL,2022-07-09 03:09:20,60.1432,-45.2371,44.96,87,100,7.54
34,Faanui,PF,2022-07-09 03:09:21,-16.4833,-151.75,78.58,69,0,8.95
35,Lebu,CL,2022-07-09 03:09:21,-37.6167,-73.65,51.6,87,100,26.44
36,Naze,JP,2022-07-09 03:09:22,28.3667,129.4833,81.68,79,92,16.04
37,Surt,LY,2022-07-09 03:09:22,31.2089,16.5887,79.23,78,0,11.03
38,Busselton,AU,2022-07-09 03:09:22,-33.65,115.3333,63.25,91,100,23.17
39,Talnakh,RU,2022-07-09 03:09:23,69.4865,88.3972,56.21,68,99,1.99
40,Jamestown,US,2022-07-09 03:05:55,42.097,-79.2353,67.64,77,20,5.75
41,Qaanaaq,GL,2022-07-09 03:09:23,77.484,-69.3632,39.04,85,100,3.2
42,Castro,BR,2022-07-09 03:09:24,-24.7911,-50.0119,54.48,94,92,4.81
43,Nidadavole,IN,2022-07-09 03:09:24,16.9167,81.6667,82.71,90,100,15.19
44,Atuona,PF,2022-07-09 03:09:24,-9.8,-139.0333,78.12,78,35,16.4
45,Ancud,CL,2022-07-09 03:09:25,-41.8697,-73.8203,48.22,87,100,21.72
46,Maniitsoq,GL,2022-07-09 03:09:25,65.4167,-52.9,43.41,82,79,5.61
47,Amazar,RU,2022-07-09 03:10:25,53.858,120.875,57.45,97,100,3.4
48,Oranjemund,NA,2022-07-09 03:10:26,-28.55,16.4333,55.99,74,0,13.15
49,Guerrero Negro,MX,2022-07-09 03:10:26,27.9769,-114.0611,68.29,80,45,17.05
50,Akyab,MM,2022-07-09 03:10:26,20.15,92.9,83.35,78,93,11.16
51,Zhigansk,RU,2022-07-09 03:10:27,66.7697,123.3711,51.75,73,78,3.24
52,Bambanglipuro,ID,2022-07-09 03:10:27,-7.95,110.2833,80.67,66,15,7.49
53,Clyde River,CA,2022-07-09 03:10:27,70.4692,-68.5914,38.89,79,41,2.53
54,Barrow,US,2022-07-09 03:10:28,71.2906,-156.7887,44.62,81,20,12.66
55,Pangody,RU,2022-07-09 03:10:28,65.85,74.4859,75.99,53,31,20.11
56,Bengkulu,ID,2022-07-09 03:10:29,-3.8004,102.2655,81.84,71,10,3.49
57,Nikolskoye,RU,2022-07-09 03:10:29,59.7035,30.7861,60.8,79,100,4.45
58,Kidal,ML,2022-07-09 03:10:29,18.4411,1.4078,88.66,11,21,7.63
59,Puri,IN,2022-07-09 03:10:30,19.8,85.85,84.72,82,100,9.6
60,Acapulco,MX,2022-07-09 03:10:30,16.8634,-99.8901,84.02,74,100,4.61
61,Hilo,US,2022-07-09 03:10:31,19.7297,-155.09,84.27,82,100,10.36
62,Vestmannaeyjar,IS,2022-07-09 03:10:31,63.4427,-20.2734,50.41,89,100,15.32
63,San Cristobal,VE,2022-07-09 03:10:31,7.7669,-72.225,71.78,92,97,3.4
64,Thunder Bay,CA,2022-07-09 03:10:32,48.4001,-89.3168,55.44,74,7,3.74
65,Shelburne,CA,2022-07-09 03:06:04,44.0787,-80.2041,56.91,70,60,9.08
66,Chokurdakh,RU,2022-07-09 03:10:32,70.6333,147.9167,55.53,38,100,13.98
67,Tasiilaq,GL,2022-07-09 03:10:33,65.6145,-37.6368,46.56,92,100,6.31
68,Mount Isa,AU,2022-07-09 03:07:25,-20.7333,139.5,65.97,34,0,12.66
69,Lasa,IT,2022-07-09 03:10:33,46.6166,10.7002,52.36,70,5,5.35
70,Kijang,KR,2022-07-09 03:10:33,35.2442,129.2139,82.69,68,13,10.16
71,Sibolga,ID,2022-07-09 03:10:34,1.7427,98.7792,84.81,63,72,2.33
72,Beringovskiy,RU,2022-07-09 03:10:34,63.05,179.3167,56.35,71,100,13.69
73,Provideniya,RU,2022-07-09 03:10:34,64.3833,-173.3,53.67,76,27,7.87
74,Benghazi,LY,2022-07-09 03:07:07,32.1167,20.0667,79.03,85,2,9.71
75,Saskylakh,RU,2022-07-09 03:10:35,71.9167,114.0833,61.45,40,100,16.24
76,Puerto Ayora,EC,2022-07-09 03:10:35,-0.7393,-90.3518,71.55,88,32,7.0
77,Ichnya,UA,2022-07-09 03:10:36,50.8626,32.3942,59.11,95,100,6.93
78,Carnarvon,AU,2022-07-09 03:10:36,-24.8667,113.6333,71.46,31,0,9.46
79,Labuhan,ID,2022-07-09 03:10:36,-6.8844,112.2051,81.1,64,49,5.3
80,Falmouth,GB,2022-07-09 03:10:37,50.1544,-5.0711,59.9,90,0,8.88
81,Saint-Pierre,RE,2022-07-09 03:10:37,-21.3393,55.4781,65.88,72,20,18.41
82,Kavieng,PG,2022-07-09 03:10:37,-2.5744,150.7967,85.21,67,33,17.22
83,Sao Joao Da Barra,BR,2022-07-09 03:10:38,-21.6403,-41.0511,70.21,88,2,10.56
84,Kapaa,US,2022-07-09 03:10:38,22.0752,-159.319,82.38,73,75,16.11
85,Sao Raimundo Nonato,BR,2022-07-09 03:10:23,-9.0153,-42.6994,73.04,71,0,7.81
86,Hermanus,ZA,2022-07-09 03:10:39,-34.4187,19.2345,58.23,54,4,6.08
87,Bubaque,GW,2022-07-09 03:10:39,11.2833,-15.8333,80.2,82,98,12.24
88,Iqaluit,CA,2022-07-09 03:10:39,63.7506,-68.5145,38.7,86,100,4.0
89,Shenzhen,CN,2022-07-09 03:10:40,22.5455,114.0683,91.35,66,35,4.41
90,La Romana,DO,2022-07-09 03:10:40,18.4273,-68.9728,77.36,94,20,0.0
91,Klaksvik,FO,2022-07-09 03:11:40,62.2266,-6.589,50.92,84,89,17.4
92,New Norfolk,AU,2022-07-09 03:11:41,-42.7826,147.0587,53.1,81,100,1.01
93,Agirish,RU,2022-07-09 03:11:41,61.9247,63.0231,75.85,59,5,7.34
94,Salalah,OM,2022-07-09 03:11:41,17.0151,54.0924,77.09,100,100,6.91
95,Port Elizabeth,ZA,2022-07-09 03:11:42,-33.918,25.5701,60.31,50,0,1.99
96,Ixtapa,MX,2022-07-09 03:11:42,20.7,-105.2,77.23,94,100,0.0
97,Taoudenni,ML,2022-07-09 03:11:43,22.6783,-3.9836,97.34,13,0,7.16
98,Shaoyang,CN,2022-07-09 03:11:43,27.2315,111.4525,87.49,67,15,7.74
99,Dunedin,NZ,2022-07-09 03:07:55,-45.8742,170.5036,43.81,86,100,11.01
100,Hami,CN,2022-07-09 03:11:43,42.8,93.45,89.74,13,0,12.53
101,Mahibadhoo,MV,2022-07-09 03:11:44,3.7833,72.9667,82.87,75,83,14.32
102,Souillac,MU,2022-07-09 03:11:44,-20.5167,57.5167,69.15,71,25,19.13
103,Rawson,AR,2022-07-09 03:11:44,-43.3002,-65.1023,49.5,37,70,15.95
104,Dabhol,IN,2022-07-09 03:11:45,17.6,73.1667,77.09,92,100,19.48
105,Lobito,AO,2022-07-09 03:11:45,-12.3481,13.5456,67.53,87,33,4.9
106,Whitehorse,CA,2022-07-09 03:11:46,60.7161,-135.0538,71.02,49,90,8.19
107,Kavaratti,IN,2022-07-09 03:11:46,10.5669,72.642,81.57,82,100,20.45
108,Cap-Aux-Meules,CA,2022-07-09 03:11:46,47.3821,-61.8597,60.53,87,100,19.28
109,Ponta Do Sol,PT,2022-07-09 03:11:47,32.6667,-17.1,73.0,39,2,1.92
110,Upata,VE,2022-07-09 03:11:47,8.0086,-62.3989,74.19,97,43,4.23
111,Shache,CN,2022-07-09 03:11:47,38.4167,77.2406,85.5,27,53,13.24
112,Saint George,US,2022-07-09 03:10:44,37.1041,-113.5841,99.19,11,0,11.5
113,Balakhta,RU,2022-07-09 03:11:48,55.38,91.6,67.28,64,100,0.98
114,Pilar,BR,2022-07-09 03:11:48,-9.5972,-35.9567,71.53,94,53,2.77
115,Dhidhdhoo,MV,2022-07-09 03:11:48,6.8833,73.1,81.14,82,100,18.95
116,Veraval,IN,2022-07-09 03:11:49,20.9,70.3667,81.91,83,100,18.9
117,Nemuro,JP,2022-07-09 03:11:49,43.3236,145.575,57.58,91,100,11.39
118,Djibo,BF,2022-07-09 03:11:49,14.1022,-1.6306,84.72,59,83,17.6
119,Rabo De Peixe,PT,2022-07-09 03:11:50,37.8,-25.5833,65.28,88,40,8.05
120,Ahipara,NZ,2022-07-09 03:11:50,-35.1667,173.1667,61.79,81,0,11.14
121,Saint-Philippe,RE,2022-07-09 03:11:51,-21.3585,55.7679,65.79,73,93,15.75
122,Cherskiy,RU,2022-07-09 03:11:51,68.75,161.3,46.2,76,97,17.47
123,Haverfordwest,GB,2022-07-09 03:11:51,51.8017,-4.9691,61.56,93,1,7.02
124,Keti Bandar,PK,2022-07-09 03:11:52,24.1447,67.4497,81.82,82,100,10.65
125,Port Alfred,ZA,2022-07-09 03:11:52,-33.5906,26.891,62.64,30,0,9.37
126,Bambous Virieux,MU,2022-07-09 03:11:52,-20.3428,57.7575,68.22,65,40,18.88
127,Avarua,CK,2022-07-09 03:11:53,-21.2078,-159.775,75.25,57,99,9.22
128,Tromso,NO,2022-07-09 03:11:53,69.6496,18.957,50.02,87,100,2.3
129,Hegang,CN,2022-07-09 03:11:53,47.4,130.3667,77.11,80,99,10.45
130,East London,ZA,2022-07-09 03:10:00,-33.0153,27.9116,60.17,27,0,7.9
131,Tilichiki,RU,2022-07-09 03:11:54,60.4667,166.1,60.3,77,45,8.46
132,Tuktoyaktuk,CA,2022-07-09 03:11:54,69.4541,-133.0374,60.8,94,75,14.97
133,Kuito,AO,2022-07-09 03:11:55,-12.3833,16.9333,49.19,54,16,4.09
134,Antalaha,MG,2022-07-09 03:11:55,-14.9003,50.2788,69.08,81,100,14.79
135,Lompoc,US,2022-07-09 03:09:04,34.6391,-120.4579,69.94,89,100,11.5
136,Senador Pompeu,BR,2022-07-09 03:11:55,-5.5881,-39.3717,74.62,70,83,5.59
137,Necochea,AR,2022-07-09 03:08:02,-38.5473,-58.7368,50.99,39,100,14.9
138,Airai,TL,2022-07-09 03:12:56,-8.9266,125.4092,65.48,78,78,2.91
139,Elko,US,2022-07-09 03:12:56,41.0002,-115.5012,86.02,16,100,8.5
140,Tevriz,RU,2022-07-09 03:12:57,57.509,72.4042,73.04,58,76,3.49
141,Honningsvag,NO,2022-07-09 03:12:57,70.9821,25.9704,51.55,76,100,5.75
142,Port Lincoln,AU,2022-07-09 03:12:57,-34.7333,135.8667,57.16,65,60,8.68
143,Coquimbo,CL,2022-07-09 03:12:58,-29.9533,-71.3436,51.53,76,40,4.61
144,Karratha,AU,2022-07-09 03:12:58,-20.7377,116.8463,70.95,20,2,17.58
145,Longyearbyen,SJ,2022-07-09 03:12:58,78.2186,15.6401,46.24,71,0,14.97
146,Adrar,MR,2022-07-09 03:12:59,20.5022,-10.0711,91.47,30,52,12.75
147,Hobart,AU,2022-07-09 03:08:06,-42.8794,147.3294,53.46,80,75,14.97
148,Tianpeng,CN,2022-07-09 03:12:59,30.9866,103.9393,87.55,64,50,2.64
149,Lanxi,CN,2022-07-09 03:13:00,29.2195,119.477,92.3,64,11,4.5
150,Rosendal,NO,2022-07-09 03:13:00,59.9867,6.0135,53.53,87,86,8.05
151,Sao Jose Da Coroa Grande,BR,2022-07-09 03:13:00,-8.8978,-35.1478,73.92,86,16,10.31
152,Talara,PE,2022-07-09 03:13:01,-4.5772,-81.2719,63.66,90,30,14.14
153,Pevek,RU,2022-07-09 03:13:01,69.7008,170.3133,45.68,96,100,14.18
154,Manadhoo,MV,2022-07-09 03:13:01,5.7667,73.3833,81.91,78,100,17.22
155,Stephenville,US,2022-07-09 03:13:02,32.2207,-98.2023,95.81,35,40,8.05
156,Victoria,HK,2022-07-09 03:10:50,22.2855,114.1577,91.45,74,10,7.0
157,Ossora,RU,2022-07-09 03:13:02,59.2353,163.0719,66.02,78,58,7.27
158,Aojiang,CN,2022-07-09 03:13:03,22.9421,116.0359,88.34,71,23,8.23
159,Leningradskiy,RU,2022-07-09 03:13:03,69.3833,178.4167,60.67,62,98,16.08
160,Praya,CV,2022-07-09 03:13:03,14.9215,-23.5087,75.74,83,75,9.22
161,Scarborough,GB,2022-07-09 03:08:10,54.2797,-0.4044,56.34,86,92,10.94
162,Erzin,TR,2022-07-09 03:13:04,36.9559,36.2,74.8,90,68,1.01
163,Kodiak,US,2022-07-09 03:08:54,57.79,-152.4072,54.91,88,100,16.11
164,Ulaanbaatar,MN,2022-07-09 03:11:39,47.9077,106.8832,66.33,45,40,11.18
165,Hithadhoo,MV,2022-07-09 03:13:04,-0.6,73.0833,81.36,77,100,5.3
166,Saldanha,ZA,2022-07-09 03:13:05,-33.0117,17.9442,59.02,52,68,6.26
167,Flinders,AU,2022-07-09 03:13:05,-34.5833,150.8552,62.19,55,6,7.0
168,Sao Filipe,CV,2022-07-09 03:13:05,14.8961,-24.4956,73.42,81,76,8.97
169,Catio,GW,2022-07-09 03:13:06,11.2833,-15.25,78.64,85,100,3.47
170,Jijiga,ET,2022-07-09 03:13:06,9.35,42.8,57.87,93,100,10.92
171,Castlegar,CA,2022-07-09 03:13:07,49.2998,-117.6689,66.97,56,71,4.43
172,Coihaique,CL,2022-07-09 03:09:05,-45.5752,-72.0662,35.55,100,100,1.14
173,Tefe,BR,2022-07-09 03:13:07,-3.3542,-64.7114,71.78,98,36,1.61
174,Thompson,CA,2022-07-09 03:08:21,55.7435,-97.8558,69.75,42,87,7.92
175,Aquin,HT,2022-07-09 03:13:07,18.2833,-73.4,79.29,80,100,2.84
176,Olinda,BR,2022-07-09 03:13:08,-8.0089,-34.8553,76.73,83,75,12.66
177,Gat,IL,2022-07-09 03:13:08,31.61,34.7642,74.39,100,0,2.28
178,Angoche,MZ,2022-07-09 03:13:09,-16.2325,39.9086,70.21,73,3,8.66
179,Antofagasta,CL,2022-07-09 03:13:09,-23.65,-70.4,54.68,78,44,4.34
180,Lagoa,PT,2022-07-09 03:13:09,39.05,-27.9833,65.46,79,100,13.6
181,Puerto Escondido,MX,2022-07-09 03:13:10,15.85,-97.0667,80.87,86,84,4.94
182,Touros,BR,2022-07-09 03:13:10,-5.1989,-35.4608,72.86,91,9,14.0
183,Upernavik,GL,2022-07-09 03:09:30,72.7868,-56.1549,36.28,97,100,16.8
184,Asau,RO,2022-07-09 03:13:10,46.4333,26.4,52.72,80,99,5.17
185,Jaisalmer,IN,2022-07-09 03:13:11,26.9147,70.9181,85.03,72,0,7.56
186,Sompeta,IN,2022-07-09 03:14:11,18.9333,84.6,79.92,89,100,5.46
187,Chuy,UY,2022-07-09 03:14:12,-33.6971,-53.4616,52.5,84,83,12.46
188,Karaton,ID,2022-07-09 03:14:12,-6.3424,106.1045,84.36,56,4,1.81
189,Noshiro,JP,2022-07-09 03:14:12,40.2039,140.0242,81.72,59,8,9.91
190,Roebourne,AU,2022-07-09 03:14:13,-20.7833,117.1333,70.79,19,0,16.98
191,Walvis Bay,NA,2022-07-09 03:14:13,-22.9575,14.5053,57.09,85,0,6.08
192,Duzce,TR,2022-07-09 03:14:13,40.8389,31.1639,65.61,93,29,1.63
193,Beloha,MG,2022-07-09 03:14:14,-25.1667,45.05,58.39,78,0,8.12
194,Wah,PK,2022-07-09 03:14:14,33.798,72.6957,75.0,80,100,13.06
195,Miramar,US,2022-07-09 03:09:23,25.9873,-80.2323,85.01,81,20,9.22
196,Srednekolymsk,RU,2022-07-09 03:14:15,67.45,153.6833,44.1,92,100,15.28
197,Hasaki,JP,2022-07-09 03:14:15,35.7333,140.8333,88.29,71,92,7.31
198,Padang,ID,2022-07-09 03:14:15,-0.9492,100.3543,84.25,68,88,2.62
199,Marystown,CA,2022-07-09 03:14:16,47.1666,-55.1483,52.86,100,14,4.61
200,Puerto Gaitan,CO,2022-07-09 03:14:16,4.3133,-72.0816,72.16,95,100,1.99
201,Busembatia,UG,2022-07-09 03:14:16,0.7697,33.6131,67.75,74,100,2.82
202,Shingu,JP,2022-07-09 03:14:17,33.7333,135.9833,78.42,92,99,5.66
203,Peniche,PT,2022-07-09 03:14:17,39.3558,-9.3811,73.08,66,0,6.93
204,Ribeira Grande,PT,2022-07-09 03:14:17,38.5167,-28.7,67.01,77,89,15.37
205,San Jose,US,2022-07-09 03:11:02,37.3394,-121.895,74.89,59,20,12.66
206,Faya,SA,2022-07-09 03:14:18,18.3851,42.4509,61.32,33,100,7.76
207,Jiuquan,CN,2022-07-09 03:14:18,39.7432,98.5174,83.97,11,95,7.76
208,Haapiti,PF,2022-07-09 03:14:19,-17.5667,-149.8667,78.53,72,3,8.75
209,Port Blair,IN,2022-07-09 03:14:19,11.6667,92.75,82.49,81,100,20.07
210,Franca,BR,2022-07-09 03:14:19,-20.5386,-47.4008,59.0,55,0,6.38
211,Mahebourg,MU,2022-07-09 03:14:20,-20.4081,57.7,68.25,66,38,19.44
212,Imbituba,BR,2022-07-09 03:14:20,-28.24,-48.6703,60.1,97,82,3.67
213,Port Hardy,CA,2022-07-09 03:14:20,50.6996,-127.4199,59.23,88,77,8.59
214,Mutuipe,BR,2022-07-09 03:14:21,-13.2286,-39.5047,63.95,98,51,2.95
215,Kahului,US,2022-07-09 03:14:21,20.8947,-156.47,82.42,73,40,23.02
216,Jacksonville,US,2022-07-09 03:13:27,30.3322,-81.6556,78.04,96,0,0.0
217,Nuristan,AF,2022-07-09 03:14:22,35.3,70.8333,57.45,45,0,3.65
218,Gander,CA,2022-07-09 03:14:22,48.9682,-54.5906,53.4,72,95,6.04
219,Leiyang,CN,2022-07-09 03:14:23,26.4024,112.8591,91.06,62,6,7.31
220,Sumbawanga,TZ,2022-07-09 03:14:23,-7.9667,31.6167,47.98,88,1,2.86
221,Sukumo,JP,2022-07-09 03:14:23,32.9333,132.7333,86.59,69,49,4.65
222,Lazaro Cardenas,MX,2022-07-09 03:09:28,17.9583,-102.2,81.43,78,80,0.6
223,Yellowknife,CA,2022-07-09 03:14:24,62.456,-114.3525,66.78,51,99,12.33
224,Yulara,AU,2022-07-09 03:14:24,-25.2406,130.9889,57.02,41,0,14.27
225,Hays,US,2022-07-09 03:14:24,30.0502,-98.0336,92.62,49,3,3.0
226,Bichura,RU,2022-07-09 03:14:25,50.5881,107.6022,65.53,69,88,10.0
227,Forio,IT,2022-07-09 03:14:25,40.7342,13.8646,74.43,69,0,8.99
228,Liverpool,GB,2022-07-09 03:14:26,53.4106,-2.9779,62.62,91,100,10.36
229,Carndonagh,IE,2022-07-09 03:14:26,55.25,-7.2667,56.07,97,97,7.47
230,Timbiqui,CO,2022-07-09 03:14:26,2.7717,-77.6654,75.51,94,79,3.65
231,Acarau,BR,2022-07-09 03:14:27,-2.8856,-40.12,78.01,75,60,13.18
232,Nouadhibou,MR,2022-07-09 03:14:27,20.931,-17.0347,67.42,93,3,11.68
233,Moerai,PF,2022-07-09 03:15:27,-22.4333,-151.3333,71.1,59,0,15.75
234,Sokolo,ML,2022-07-09 03:15:28,14.7328,-6.1219,88.41,46,81,10.67
235,Anadyr,RU,2022-07-09 03:15:28,64.75,177.4833,52.3,87,40,15.66
236,Shimoda,JP,2022-07-09 03:15:28,34.6667,138.95,80.1,82,100,6.58
237,Mount Gambier,AU,2022-07-09 03:15:29,-37.8333,140.7667,52.07,81,75,7.63
238,Aykhal,RU,2022-07-09 03:15:29,66.0,111.5,55.4,46,25,4.41
239,Hudson Bay,CA,2022-07-09 03:15:30,52.85,-102.3842,64.71,96,85,5.48
240,Escanaba,US,2022-07-09 03:15:30,45.7453,-87.0646,62.56,64,0,4.61
241,Katsuura,JP,2022-07-09 03:15:30,35.1333,140.3,78.49,73,100,10.69
242,Tessalit,ML,2022-07-09 03:15:31,20.1986,1.0114,88.05,11,7,6.71
243,Matara,LK,2022-07-09 03:15:31,5.9485,80.5353,82.04,79,95,14.47
244,Vila Franca Do Campo,PT,2022-07-09 03:15:31,37.7167,-25.4333,65.19,82,24,7.78
245,Ranfurly,NZ,2022-07-09 03:15:32,-45.1333,170.1,40.1,96,100,6.67
246,Calabozo,VE,2022-07-09 03:15:32,8.9242,-67.4293,73.83,93,87,2.39
247,Tuatapere,NZ,2022-07-09 03:15:32,-46.1333,167.6833,43.02,82,100,13.65
248,Chara,RU,2022-07-09 03:15:33,56.9064,118.2631,55.85,86,100,7.09
249,Esperance,AU,2022-07-09 03:11:08,-33.8667,121.9,64.24,52,53,25.14
250,Naron,ES,2022-07-09 03:15:33,43.5167,-8.1528,66.02,93,5,7.45
251,Sault Sainte Marie,CA,2022-07-09 03:14:14,46.5168,-84.3333,57.76,72,0,4.61
252,Vanino,RU,2022-07-09 03:15:34,49.0869,140.2543,74.66,64,2,9.15
253,Goma,CD,2022-07-09 03:15:34,-1.6792,29.2228,60.73,75,29,1.54
254,Motygino,RU,2022-07-09 03:15:34,58.1831,94.7592,73.67,40,50,1.9
255,Barstow,US,2022-07-09 03:15:35,34.8986,-117.0228,95.99,19,9,18.52
256,Sovetskoye,RU,2022-07-09 03:15:35,52.2861,85.4131,67.55,66,5,4.85
257,Cockburn Town,TC,2022-07-09 03:15:35,21.4612,-71.1419,81.63,82,6,21.18
258,Kerrville,US,2022-07-09 03:14:41,30.0474,-99.1403,90.55,43,0,3.44
259,Daru,PG,2022-07-09 03:15:36,-9.0763,143.2092,79.86,86,99,15.21
260,Vestmanna,FO,2022-07-09 03:15:36,62.1564,-7.1664,49.12,87,100,12.66
261,Ngunguru,NZ,2022-07-09 03:15:37,-35.6167,174.5,63.93,69,0,10.13
262,Chenzhou,CN,2022-07-09 03:15:37,25.8,113.0333,91.42,58,3,5.41
263,Kaitangata,NZ,2022-07-09 03:15:37,-46.2817,169.8464,42.93,83,100,17.18
264,Kudahuvadhoo,MV,2022-07-09 03:15:38,2.6708,72.8944,82.51,74,72,11.07
265,Shetpe,KZ,2022-07-09 03:15:38,44.1667,52.1167,79.02,33,0,5.37
266,Anito,PH,2022-07-09 03:15:39,12.4497,125.2886,83.75,85,81,3.83
267,Kulhudhuffushi,MV,2022-07-09 03:15:39,6.6221,73.07,81.23,81,100,18.32
268,Narovchat,RU,2022-07-09 03:15:39,53.8765,43.6946,67.84,76,87,2.77
269,Sur,OM,2022-07-09 03:15:40,22.5667,59.5289,84.61,78,98,7.43
270,Udachnyy,RU,2022-07-09 03:15:40,66.4167,112.4,54.64,58,86,1.23
271,Dzerzhinsk,RU,2022-07-09 03:15:40,56.2389,43.4631,66.02,100,20,6.71
272,Carballo,ES,2022-07-09 03:15:41,43.213,-8.691,66.0,88,0,3.69
273,Maloy,NO,2022-07-09 03:15:41,61.9353,5.1136,51.53,79,100,22.7
274,Axim,GH,2022-07-09 03:15:41,4.8699,-2.2405,75.45,88,88,10.96
275,Lashio,MM,2022-07-09 03:15:42,22.9333,97.75,75.11,84,96,1.52
276,Iralaya,HN,2022-07-09 03:15:42,15.0,-83.2333,80.46,84,72,12.12
277,Hofn,IS,2022-07-09 03:15:42,64.2539,-15.2082,48.99,88,89,3.4
278,General Roca,AR,2022-07-09 03:16:43,-39.0333,-67.5833,46.15,36,66,6.71
279,Finschhafen,PG,2022-07-09 03:16:43,-6.6024,147.8681,85.14,64,22,11.59
280,Nelson Bay,AU,2022-07-09 03:16:43,-32.7167,152.15,60.12,59,0,10.0
281,Wainwright,CA,2022-07-09 03:16:44,52.839,-110.8572,64.26,88,21,6.08
282,Ushtobe,KZ,2022-07-09 03:16:44,45.2514,77.9838,79.02,30,40,14.23
283,Carutapera,BR,2022-07-09 03:16:44,-1.195,-46.02,74.41,92,13,5.73
284,Ustye,RU,2022-07-09 03:16:45,59.6304,39.736,60.06,80,100,2.01
285,Severo-Kurilsk,RU,2022-07-09 03:16:45,50.6789,156.125,60.12,84,39,11.43
286,Rostovka,RU,2022-07-09 03:16:45,55.3842,71.8891,69.28,69,68,6.87
287,Hwange,ZW,2022-07-09 03:16:46,-18.3693,26.5019,54.95,55,0,3.27
288,Rio Gallegos,AR,2022-07-09 03:16:46,-51.6226,-69.2181,28.45,86,40,9.22
289,Vigrestad,NO,2022-07-09 03:16:47,58.5667,5.7,53.28,76,48,24.56
290,Matagami,CA,2022-07-09 03:16:47,49.7502,-77.6328,39.31,93,0,0.0
291,Namatanai,PG,2022-07-09 03:16:48,-3.6667,152.4333,84.87,65,98,12.19
292,Luderitz,NA,2022-07-09 03:16:48,-26.6481,15.1594,56.12,80,0,6.04
293,Fort-Shevchenko,KZ,2022-07-09 03:16:48,44.5086,50.263,79.7,45,6,17.76
294,Tiarei,PF,2022-07-09 03:16:49,-17.5333,-149.3333,78.82,70,10,6.06
295,Conceicao Da Barra,BR,2022-07-09 03:16:49,-18.5933,-39.7322,68.05,92,0,1.9
296,Kushima,JP,2022-07-09 03:16:49,31.4583,131.2333,87.01,70,19,4.81
297,Portland,US,2022-07-09 03:16:50,45.5234,-122.6762,77.47,57,0,5.75
298,Gafanha Da Encarnacao,PT,2022-07-09 03:16:50,40.6181,-8.733,68.05,81,0,4.07
299,Loikaw,MM,2022-07-09 03:16:50,19.6742,97.2094,77.74,74,100,2.95
300,Bethel,US,2022-07-09 03:14:15,41.3712,-73.414,73.15,87,100,2.93
301,Gotsu,JP,2022-07-09 03:16:51,35.0,132.2167,81.27,86,75,4.23
302,Vila Velha,BR,2022-07-09 03:15:43,-20.3297,-40.2925,67.95,89,0,2.3
303,Weyburn,CA,2022-07-09 03:15:01,49.6668,-103.8511,72.75,77,2,10.78
304,Ayr,GB,2022-07-09 03:13:38,55.4627,-4.6339,55.38,82,75,12.66
305,Aitape,PG,2022-07-09 03:16:52,-3.1374,142.3475,84.02,71,100,6.78
306,Svetlyy,RU,2022-07-09 03:16:52,54.675,20.1347,57.25,91,24,9.46
307,Omsukchan,RU,2022-07-09 03:16:52,62.5333,155.8,76.44,34,12,23.85
308,Price,US,2022-07-09 03:15:54,39.5994,-110.8107,85.26,10,0,5.75
309,Fargo,US,2022-07-09 03:16:32,46.8772,-96.7898,75.24,61,0,4.61
310,Bairiki,KI,2022-07-09 03:16:53,1.3292,172.9752,86.0,74,75,8.05
311,Colinas,BR,2022-07-09 03:16:53,-6.0258,-44.2492,78.31,47,69,3.27
312,Zeya,RU,2022-07-09 03:16:54,53.75,127.2667,71.42,95,100,8.41
313,Comodoro Rivadavia,AR,2022-07-09 03:15:04,-45.8667,-67.5,51.66,40,0,13.8
314,Narsaq,GL,2022-07-09 03:16:54,60.9167,-46.05,50.22,85,100,1.79
315,Terrace,CA,2022-07-09 03:16:39,54.5163,-128.6035,60.71,77,75,17.27
316,Vanersborg,SE,2022-07-09 03:16:55,58.3807,12.3234,58.95,67,70,8.05
317,Rocha,UY,2022-07-09 03:16:55,-34.4833,-54.3333,50.72,75,97,15.77
318,Bereznik,RU,2022-07-09 03:16:55,62.8551,42.7072,61.05,62,28,3.87
319,Hay River,CA,2022-07-09 03:16:56,60.8156,-115.7999,73.38,56,75,9.22
320,Saint-Augustin,CA,2022-07-09 03:16:56,51.226,-58.6502,53.4,89,98,5.59
321,Porto Novo,BJ,2022-07-09 03:16:56,6.4965,2.6036,78.62,94,98,5.26
322,Vyartsilya,RU,2022-07-09 03:17:57,62.1764,30.693,56.61,100,100,4.83
323,Khandbari,NP,2022-07-09 03:17:57,27.3747,87.2039,76.03,86,99,1.59
324,Husavik,IS,2022-07-09 03:17:57,66.0449,-17.3389,45.86,79,95,6.58
325,Kargasok,RU,2022-07-09 03:17:58,59.0556,80.8572,73.33,57,59,4.34
326,Tura,IN,2022-07-09 03:17:58,25.5198,90.2201,83.64,69,4,4.18
327,Manthani,IN,2022-07-09 03:17:58,18.65,79.6667,76.69,89,100,14.58
328,Kandrian,PG,2022-07-09 03:17:59,-6.2167,149.55,86.18,63,94,11.92
329,Pitimbu,BR,2022-07-09 03:17:59,-7.4706,-34.8086,72.19,83,1,13.47
330,Awbari,LY,2022-07-09 03:17:59,26.5921,12.7805,84.29,21,5,5.73
331,Jalu,LY,2022-07-09 03:18:00,29.0331,21.5482,79.86,45,0,8.05
332,Ripky,UA,2022-07-09 03:18:00,51.801,31.0838,62.11,76,97,6.71
333,Kankaanpaa,FI,2022-07-09 03:18:01,61.8,22.4167,48.96,89,100,3.29
334,Karla,EE,2022-07-09 03:18:01,59.3723,24.9275,57.56,100,75,3.44
335,Paamiut,GL,2022-07-09 03:18:01,61.994,-49.6678,39.81,96,100,14.88
336,San Miguel,SV,2022-07-09 03:18:02,13.4833,-88.1833,76.19,93,77,1.63
337,Lahaina,US,2022-07-09 03:18:02,20.8783,-156.6825,82.4,87,100,11.88
338,Amudat,UG,2022-07-09 03:18:02,1.95,34.95,65.86,84,99,4.74
339,Westport,US,2022-07-09 03:15:16,41.1415,-73.3579,74.3,89,0,9.22
340,Broome,US,2022-07-09 03:18:03,42.2506,-75.833,69.35,84,100,1.01
341,Cayeli,TR,2022-07-09 03:18:03,41.0923,40.7292,72.73,69,0,3.29
342,Palimbang,PH,2022-07-09 03:18:04,6.2106,124.1894,83.44,76,99,6.93
343,Mabaruma,GY,2022-07-09 03:18:04,8.2,-59.7833,74.62,95,72,2.91
344,Taksimo,RU,2022-07-09 03:18:04,56.3444,114.8794,73.63,43,100,6.46
345,San Patricio,US,2022-07-09 03:18:05,28.017,-97.5169,85.89,73,5,13.94
346,Aktas,KZ,2022-07-09 03:18:05,49.7789,72.9608,64.15,63,39,14.09
347,Andenes,NO,2022-07-09 03:18:06,69.3143,16.1194,51.93,93,100,9.22
348,Amapa,BR,2022-07-09 03:18:06,1.0,-52.0,70.84,99,100,1.79
349,Eureka,US,2022-07-09 03:14:13,40.8021,-124.1637,66.18,85,12,1.99
350,Constitucion,CL,2022-07-09 03:15:57,-35.3333,-72.4167,51.93,87,100,18.21
351,Buluang,PH,2022-07-09 03:18:07,13.3068,123.3425,84.81,76,93,4.88
352,Shubarkuduk,KZ,2022-07-09 03:18:07,49.1447,56.4872,71.17,58,10,10.27
353,Kamaishi,JP,2022-07-09 03:18:07,39.2667,141.8833,70.11,96,100,9.42
354,Nuevo Progreso,MX,2022-07-09 03:18:08,23.1667,-97.95,81.54,66,77,4.54
355,Beroroha,MG,2022-07-09 03:18:08,-21.6667,45.1667,57.74,77,0,4.47
356,Uchiza,PE,2022-07-09 03:18:09,-8.4592,-76.4633,69.35,96,71,2.35
357,Pringsewu,ID,2022-07-09 03:18:09,-5.3582,104.9744,84.76,58,23,6.29
358,Ferrol,ES,2022-07-09 03:18:09,43.4832,-8.2369,65.68,86,1,6.58
359,Sitka,US,2022-07-09 03:18:10,57.0531,-135.33,57.09,82,100,3.44
360,Waverly,US,2022-07-09 03:18:10,42.7392,-84.6208,64.94,74,0,8.05
361,Lorengau,PG,2022-07-09 03:18:10,-2.0226,147.2712,82.51,80,100,11.48
362,Matay,EG,2022-07-09 03:18:11,28.419,30.7792,74.25,67,21,12.26
363,Saint-Quentin,FR,2022-07-09 03:18:11,49.8333,3.3333,57.61,89,99,3.94
364,Avera,US,2022-07-09 03:18:12,33.194,-82.5271,77.05,96,97,2.66
365,Hobyo,SO,2022-07-09 03:18:12,5.3505,48.5268,74.52,78,49,22.03
366,Dalby,AU,2022-07-09 03:18:12,-27.1833,151.2667,56.57,43,0,13.94
367,Ust-Kuyga,RU,2022-07-09 03:18:13,70.0167,135.6,52.27,41,100,6.44
368,Terre Haute,US,2022-07-09 03:15:00,39.4667,-87.4139,75.96,92,20,5.75
369,Ambon,ID,2022-07-09 03:19:13,-3.6954,128.1814,82.24,12,75,3.44
370,Suntar,RU,2022-07-09 03:19:14,62.1444,117.6319,64.27,80,98,2.15
371,Puerto Del Rosario,ES,2022-07-09 03:19:14,28.5004,-13.8627,76.75,69,0,12.66
372,Auki,SB,2022-07-09 03:19:14,-8.7676,160.7034,85.01,57,24,3.83
373,Xining,CN,2022-07-09 03:19:15,36.6167,101.7667,76.8,48,33,2.51
374,College,US,2022-07-09 03:19:15,64.8569,-147.8028,84.99,31,20,3.44
375,Srivardhan,IN,2022-07-09 03:19:15,18.0333,73.0167,79.2,91,100,19.22
376,Tecoanapa,MX,2022-07-09 03:19:16,16.5167,-98.75,77.67,94,100,4.54
377,Lata,PT,2022-07-09 03:19:16,40.1629,-8.3327,66.07,35,0,3.76
378,Arinos,BR,2022-07-09 03:19:17,-15.9169,-46.1056,63.21,56,21,1.3
379,Abha,SA,2022-07-09 03:19:17,18.2164,42.5053,62.42,82,0,4.61
380,Taihe,CN,2022-07-09 03:19:17,30.8712,105.3845,91.51,59,28,5.79
381,Olpad,IN,2022-07-09 03:19:14,21.3333,72.75,82.38,87,100,12.73
382,Dalnegorsk,RU,2022-07-09 03:16:58,44.5604,135.5701,67.86,98,100,3.33
383,Cabo San Lucas,MX,2022-07-09 03:19:18,22.8909,-109.9124,88.61,60,41,10.25
384,Vila,PT,2022-07-09 03:19:18,42.0304,-8.1588,63.48,81,0,5.12
385,Acari,PE,2022-07-09 03:19:19,-15.4311,-74.6158,64.54,68,20,1.95
386,Ratanpur,IN,2022-07-09 03:19:19,22.3,82.1667,85.39,68,17,8.97
387,Vostok,RU,2022-07-09 03:19:19,46.4856,135.8833,80.74,53,100,4.52
388,Dali,CN,2022-07-09 03:19:20,25.7,100.1833,73.71,66,54,1.7
389,Guilin,CN,2022-07-09 03:19:20,25.2819,110.2864,87.91,70,21,4.12
390,Lavrentiya,RU,2022-07-09 03:19:21,65.5833,-171.0,52.25,79,89,10.0
391,Clarksburg,US,2022-07-09 03:19:21,39.2807,-80.3445,72.3,95,100,3.94
392,Greenville,US,2022-07-09 03:15:15,35.6127,-77.3663,77.16,99,40,4.61
393,Benicarlo,ES,2022-07-09 03:19:21,40.4165,0.4271,74.89,70,0,4.72
394,Chapleau,CA,2022-07-09 03:16:00,47.8405,-83.4034,52.09,76,0,1.48
395,Soddy-Daisy,US,2022-07-09 03:19:22,35.2359,-85.1908,75.94,91,12,2.48
396,Karpathos,GR,2022-07-09 03:19:22,35.507,27.2132,71.56,88,0,14.97
397,Fortuna,US,2022-07-09 03:19:23,40.5982,-124.1573,61.93,86,0,1.01
398,Turka,UA,2022-07-09 03:19:23,49.1541,23.0297,54.79,95,100,5.82
399,La Peca,PE,2022-07-09 03:19:23,-5.6111,-78.435,67.17,88,68,3.33
400,Palafrugell,ES,2022-07-09 03:19:24,41.9174,3.1631,72.45,59,0,3.0
401,Sabang,ID,2022-07-09 03:19:24,5.8933,95.3214,83.19,76,99,21.12
402,Nome,US,2022-07-09 03:16:52,64.5011,-165.4064,71.17,71,0,16.11
403,Pandan,PH,2022-07-09 03:19:25,14.0453,124.1694,83.68,79,73,2.26
404,Juneau,US,2022-07-09 03:19:25,58.3019,-134.4197,59.22,94,100,10.36
405,Sobolevo,RU,2022-07-09 03:19:26,54.4299,31.8996,57.4,85,67,2.24
406,Shawinigan,CA,2022-07-09 03:16:25,46.5668,-72.7491,63.01,51,0,4.61
407,Inongo,CD,2022-07-09 03:19:26,-1.95,18.2667,69.49,57,73,4.54
408,Tateyama,JP,2022-07-09 03:19:26,34.9833,139.8667,77.13,75,100,8.57
409,Santa Vitoria Do Palmar,BR,2022-07-09 03:19:27,-33.5189,-53.3681,52.72,86,98,10.89
410,Roros,NO,2022-07-09 03:19:27,62.5747,11.3842,42.64,93,100,0.0
411,Barguzin,RU,2022-07-09 03:19:27,53.6167,109.6167,67.68,61,61,10.47
412,Qui Nhon,VN,2022-07-09 03:19:28,13.7667,109.2333,80.24,83,100,7.99
413,Miraflores,MX,2022-07-09 03:19:28,19.2167,-98.8083,63.25,83,93,4.25
414,Saint-Francois,FR,2022-07-09 03:20:28,46.4154,3.9054,52.68,93,0,3.44
415,Mao,ES,2022-07-09 03:20:29,39.8885,4.2658,72.16,83,0,9.22
416,Syracuse,IT,2022-07-09 03:20:29,37.0881,15.2792,76.59,57,0,4.7
417,Marienburg,PL,2022-07-09 03:16:03,54.0359,19.0266,59.11,94,78,6.87
418,Aklavik,CA,2022-07-09 03:20:30,68.2191,-135.0107,69.19,52,74,17.76
419,Soloneshnoye,RU,2022-07-09 03:20:30,51.6544,84.3197,69.78,60,12,2.73
420,Goderich,CA,2022-07-09 03:20:30,43.7501,-81.7165,63.91,77,68,6.91
421,Komsomolskiy,UZ,2022-07-09 03:20:31,40.4272,71.7189,81.32,28,10,4.61
422,Norman Wells,CA,2022-07-09 03:20:31,65.282,-126.8329,82.44,32,20,13.8
423,Cairo,EG,2022-07-09 03:16:10,30.0626,31.2497,75.96,78,40,8.05
424,Castilho,BR,2022-07-09 03:20:31,-20.8722,-51.4875,67.62,42,34,7.9
425,Acandi,CO,2022-07-09 03:20:32,8.5063,-77.2778,77.32,92,100,3.11
426,Majene,ID,2022-07-09 03:20:32,-3.5403,118.9707,82.04,77,58,9.8
427,Dombarovskiy,RU,2022-07-09 03:20:33,50.7587,59.5386,66.54,74,99,7.2
428,Soe,ID,2022-07-09 03:20:33,-9.8607,124.284,65.93,96,100,3.83
429,Tintesti,RO,2022-07-09 03:20:33,45.0667,26.8667,66.42,56,97,13.11
430,Fuyu,CN,2022-07-09 03:20:34,45.1833,124.8167,80.02,38,1,15.01
431,Tual,ID,2022-07-09 03:20:34,-5.6667,132.75,79.05,85,97,20.71
432,Uvira,CD,2022-07-09 03:20:35,-3.4067,29.1458,69.26,65,9,3.36
433,Aksarka,RU,2022-07-09 03:20:35,66.5606,67.7975,65.39,61,79,19.95
434,Simao,CN,2022-07-09 03:20:35,22.7886,100.9748,73.22,87,77,3.0
435,Cidreira,BR,2022-07-09 03:20:36,-30.1811,-50.2056,61.23,86,10,19.24
436,Kocevje,SI,2022-07-09 03:20:36,45.6433,14.8633,54.84,85,0,1.01
437,Jieshi,CN,2022-07-09 03:20:36,22.8134,115.8257,86.09,77,14,8.63
438,Nanakuli,US,2022-07-09 03:20:37,21.3906,-158.1547,82.35,69,100,9.22
439,Killam,CA,2022-07-09 03:20:37,52.7834,-111.8518,67.95,83,4,3.44
440,Villamontes,BO,2022-07-09 03:20:37,-21.25,-63.5,67.05,79,15,2.44
441,Pata,PH,2022-07-09 03:20:38,17.7152,121.5018,87.48,70,100,7.36
442,Potsdam,DE,2022-07-09 03:16:04,52.3989,13.0657,57.02,86,46,6.91
443,Teguise,ES,2022-07-09 03:20:38,29.0605,-13.564,75.42,50,0,10.36
444,Makakilo City,US,2022-07-09 03:20:39,21.3469,-158.0858,80.92,70,100,14.97
445,La Ronge,CA,2022-07-09 03:20:39,55.1001,-105.2842,66.45,82,100,8.05
446,Fairview,US,2022-07-09 03:20:39,40.8126,-73.999,74.43,82,75,5.75
447,Hambantota,LK,2022-07-09 03:20:40,6.1241,81.1185,83.8,70,98,21.3
448,Jinchang,CN,2022-07-09 03:20:40,38.4953,102.1739,84.04,30,5,17.07
449,Codrington,AU,2022-07-09 03:20:40,-38.2667,141.9667,54.77,69,26,6.02
450,Yunyang,CN,2022-07-09 03:20:41,33.4474,112.7142,91.09,62,41,8.16
451,Caucaia,BR,2022-07-09 03:20:41,-3.7361,-38.6531,75.15,83,75,10.36
452,Mosquera,CO,2022-07-09 03:20:41,4.7059,-74.2302,53.69,82,75,4.61
453,Buraydah,SA,2022-07-09 03:20:42,26.326,43.975,81.05,14,56,8.48
454,Santa Maria,BR,2022-07-09 03:20:42,-29.6842,-53.8069,54.7,100,75,8.05
455,El Dorado,US,2022-07-09 03:20:42,38.7666,-120.5177,78.42,42,33,1.01
456,Havoysund,NO,2022-07-09 03:20:43,70.9963,24.6622,52.03,89,98,6.89
457,Tecate,MX,2022-07-09 03:20:43,32.5667,-116.6333,76.59,57,5,6.11
458,Maua,BR,2022-07-09 03:20:43,-23.6678,-46.4614,63.36,94,39,2.3
459,Koryazhma,RU,2022-07-09 03:20:44,61.3143,47.1691,62.11,71,88,2.57
460,Garowe,SO,2022-07-09 03:20:44,8.4054,48.4845,72.14,61,10,29.97
461,Cabedelo,BR,2022-07-09 03:21:44,-6.9811,-34.8339,72.27,84,4,12.71
462,Sola,VU,2022-07-09 03:21:45,-13.8833,167.55,80.96,73,30,19.15
463,Ust-Tsilma,RU,2022-07-09 03:21:45,65.441,52.1498,65.5,46,2,7.14
464,Talcahuano,CL,2022-07-09 03:20:44,-36.7167,-73.1167,51.48,76,100,17.27
465,Hailar,CN,2022-07-09 03:21:45,49.2,119.7,56.93,83,100,14.29
466,Okahandja,NA,2022-07-09 03:21:46,-21.9833,16.9167,50.2,39,0,10.58
467,Abu Dhabi,AE,2022-07-09 03:21:46,24.4667,54.3667,91.42,62,0,6.91
468,Zhanakorgan,KZ,2022-07-09 03:21:47,43.9098,67.2495,79.63,25,0,5.61
469,Ekhabi,RU,2022-07-09 03:21:47,53.5102,142.9671,80.01,50,7,14.29
470,Preobrazheniye,RU,2022-07-09 03:21:48,42.9019,133.9064,68.88,86,100,10.71
471,Inhambane,MZ,2022-07-09 03:21:48,-23.865,35.3833,62.58,100,75,0.0
472,Rio Grande,BR,2022-07-09 03:21:49,-32.035,-52.0986,54.95,83,75,16.4
473,Chimbote,PE,2022-07-09 03:21:49,-9.0853,-78.5783,61.95,85,13,4.43
474,Samarai,PG,2022-07-09 03:21:49,-10.6167,150.6667,83.28,69,48,6.64
475,Westerly,US,2022-07-09 03:19:55,41.3776,-71.8273,71.92,85,40,6.91
476,Hue,VN,2022-07-09 03:21:50,16.4667,107.6,87.91,70,40,4.61
477,Armidale,AU,2022-07-09 03:21:50,-30.5167,151.65,47.59,49,100,8.21
478,Kharan,PK,2022-07-09 03:21:51,28.5833,65.4167,86.77,56,93,1.81
479,Te Anau,NZ,2022-07-09 03:21:51,-45.4167,167.7167,41.5,98,100,6.58
480,Isangel,VU,2022-07-09 03:21:51,-19.55,169.2667,80.76,69,11,7.54
481,Mount Darwin,ZW,2022-07-09 03:21:52,-16.7725,31.5838,49.51,87,0,3.04
482,Mingrelskaya,RU,2022-07-09 03:21:52,45.0134,38.3379,70.65,83,59,4.47
483,Baykit,RU,2022-07-09 03:21:52,61.67,96.37,70.02,44,85,4.25
484,Jibuti,DJ,2022-07-09 03:21:53,11.5,42.5,80.26,56,98,20.62
485,Lubango,AO,2022-07-09 03:21:53,-14.9172,13.4925,55.42,46,0,4.09
486,Dunkirk,FR,2022-07-09 03:21:53,51.05,2.3667,62.01,93,95,8.03
487,Dharchula,IN,2022-07-09 03:21:54,29.85,80.5333,76.05,90,100,0.54
488,Grimshaw,CA,2022-07-09 03:21:54,56.1834,-117.6027,69.42,49,20,16.11
489,Baijiantan,CN,2022-07-09 03:21:54,45.6333,85.1833,83.55,29,100,11.43
490,Tongliao,CN,2022-07-09 03:21:55,43.6125,122.2653,84.02,34,0,8.9
491,Kikwit,CD,2022-07-09 03:21:55,-5.041,18.8162,69.26,40,53,2.24
492,Benjamin Constant,BR,2022-07-09 03:21:55,-4.3831,-70.0311,75.33,98,45,1.28
493,Sao Miguel Do Araguaia,BR,2022-07-09 03:21:56,-13.275,-50.1628,72.88,44,16,5.5
494,Port Moresby,PG,2022-07-09 03:21:56,-9.4431,147.1797,89.02,62,40,11.5
495,Jamame,SO,2022-07-09 03:21:57,0.0722,42.7506,73.65,78,32,12.97
496,Luena,AO,2022-07-09 03:21:57,-11.7833,19.9167,49.95,58,36,4.16
497,Zacualpan,MX,2022-07-09 03:21:57,21.25,-105.1667,77.76,92,100,7.27
498,Boa Vista,BR,2022-07-09 03:21:58,2.8197,-60.6733,78.78,83,40,4.61
499,Bowen,AU,2022-07-09 03:21:58,-20.0167,148.2333,68.05,56,0,5.86
500,Vao,NC,2022-07-09 03:21:58,-22.6667,167.4833,75.43,83,1,9.06
501,Maragogi,BR,2022-07-09 03:21:59,-9.0122,-35.2225,73.72,87,19,11.27
502,Kinablangan,PH,2022-07-09 03:21:59,7.6947,126.5503,85.08,69,96,5.28
503,Chhabra,IN,2022-07-09 03:21:59,24.6667,76.8333,85.96,69,98,6.17
504,Prince Rupert,CA,2022-07-09 03:22:00,54.3161,-130.3201,59.09,82,100,17.27
505,Rayong,TH,2022-07-09 03:22:00,12.8333,101.4333,84.79,99,100,3.06
506,Kharovsk,RU,2022-07-09 03:23:01,59.9642,40.1912,59.23,78,100,2.44
507,Tabuk,PH,2022-07-09 03:23:01,17.4189,121.4443,86.4,70,98,6.51
508,Nosy Varika,MG,2022-07-09 03:23:02,-20.5833,48.5333,67.5,78,98,7.94
509,Half Moon Bay,US,2022-07-09 03:23:02,37.4636,-122.4286,74.03,83,100,16.11
510,Tubuala,PA,2022-07-09 03:23:03,9.5167,-79.0333,80.37,86,99,3.04
511,Alofi,NU,2022-07-09 03:23:03,-19.0595,-169.9187,78.69,69,31,12.66
512,Nadvoitsy,RU,2022-07-09 03:23:04,63.8667,34.3167,56.77,67,58,3.91
513,Ilulissat,GL,2022-07-09 03:23:04,69.2167,-51.1,46.42,71,6,2.3
514,Khalkhal,IR,2022-07-09 03:23:05,37.6189,48.5258,59.52,45,1,5.08
515,Lyambir,RU,2022-07-09 03:23:05,54.2817,45.1249,67.14,76,82,4.09
516,Deputatskiy,RU,2022-07-09 03:23:06,69.3,139.9,41.67,82,100,3.94
517,Belmonte,BR,2022-07-09 03:23:06,-15.8631,-38.8828,71.38,85,51,3.33
518,Thio,NC,2022-07-09 03:23:07,-21.6167,166.2167,85.96,75,10,4.9
519,Laguna,US,2022-07-09 03:23:07,38.421,-121.4238,86.18,45,0,9.22
520,Costa Rica,BR,2022-07-09 03:23:08,-23.4167,-54.65,65.39,54,95,7.47
521,Yambio,SS,2022-07-09 03:23:09,4.5721,28.3955,67.14,98,97,2.24
522,Aswan,EG,2022-07-09 03:23:09,24.0934,32.907,83.5,24,0,5.75
523,Tacuarembo,UY,2022-07-09 03:19:27,-31.7333,-55.9833,54.34,96,100,10.38
524,Buzmeyin,TM,2022-07-09 03:23:10,38.0507,58.2056,78.53,25,20,4.61
525,Ostersund,SE,2022-07-09 03:23:10,63.1792,14.6357,46.85,100,75,23.0
526,Bloomsburg,US,2022-07-09 03:23:11,41.0037,-76.4549,76.14,80,100,4.52
527,Cody,US,2022-07-09 03:23:11,44.5263,-109.0565,82.6,32,0,4.61
528,Calipan,MX,2022-07-09 03:23:12,18.2958,-97.1667,69.3,85,100,5.37
529,Guymon,US,2022-07-09 03:23:12,36.6828,-101.4816,75.2,69,0,0.0
530,Bouza,NE,2022-07-09 03:23:12,14.4229,6.0428,84.27,53,100,18.9
531,Posse,BR,2022-07-09 03:23:13,-14.0931,-46.3694,64.96,48,3,7.14
532,Amahai,ID,2022-07-09 03:23:13,-3.3333,128.9167,81.45,76,97,5.32
533,Sabha,LY,2022-07-09 03:23:13,27.0377,14.4283,84.96,19,0,11.59
534,Ola,RU,2022-07-09 03:23:14,59.5833,151.2833,73.15,89,94,6.6
535,Chake Chake,TZ,2022-07-09 03:23:14,-5.2459,39.7666,72.72,77,2,10.58
536,Hirara,JP,2022-07-09 03:23:14,24.8,125.2833,89.87,74,75,14.97
537,Gorontalo,ID,2022-07-09 03:23:15,0.5412,123.0595,85.55,70,58,7.83
538,Do Gonbadan,IR,2022-07-09 03:23:15,30.3586,50.7981,80.69,44,6,0.0
539,Morristown,US,2022-07-09 03:23:15,36.214,-83.2949,72.3,84,40,0.0
540,Saint Anthony,US,2022-07-09 03:23:16,45.0205,-93.218,75.09,78,0,6.91
541,Fare,PF,2022-07-09 03:23:11,-16.7,-151.0167,78.49,68,0,8.19
542,Bonavista,CA,2022-07-09 03:23:16,48.6499,-53.1147,55.35,82,100,10.36
543,Byron Bay,AU,2022-07-09 03:23:17,-28.65,153.6167,61.95,59,35,8.68
544,Havre-Saint-Pierre,CA,2022-07-09 03:23:17,50.2334,-63.5986,52.16,87,100,0.0
545,Yekepa,LR,2022-07-09 03:23:18,7.5753,-8.5419,69.19,99,100,3.11
546,Mawlaik,MM,2022-07-09 03:23:18,23.6333,94.4167,83.68,84,88,0.65
547,Plettenberg Bay,ZA,2022-07-09 03:23:18,-34.0527,23.3716,72.23,27,0,18.7
548,Dennery,LC,2022-07-09 03:23:19,13.8996,-60.8879,80.69,83,75,20.71
549,Laurel,US,2022-07-09 03:22:06,39.0993,-76.8483,80.06,87,100,3.44
550,Alma,CA,2022-07-09 03:21:02,48.5501,-71.6491,54.61,68,4,6.13
551,Indramayu,ID,2022-07-09 03:23:19,-6.3264,108.32,81.57,62,5,6.11
552,La Ciotat,FR,2022-07-09 03:24:20,43.1748,5.6045,70.47,56,3,2.51
553,Warri,NG,2022-07-09 03:24:20,5.5167,5.75,74.93,94,100,3.56
554,Tiznit,MA,2022-07-09 03:24:20,29.5833,-9.5,86.32,21,49,1.16
555,Constantine,DZ,2022-07-09 03:24:21,36.365,6.6147,63.81,82,0,0.0
556,Nioro,GM,2022-07-09 03:24:21,13.35,-15.75,79.02,84,99,5.7
557,Koslan,RU,2022-07-09 03:24:21,63.4564,48.8989,65.28,54,18,4.68
558,Yumen,CN,2022-07-09 03:24:22,40.2833,97.2,83.75,11,34,12.26
559,Marinette,US,2022-07-09 03:24:22,45.1,-87.6307,61.29,72,0,5.75
560,Kiama,AU,2022-07-09 03:24:22,-34.6833,150.8667,63.57,55,6,3.0
561,Batagay-Alyta,RU,2022-07-09 03:24:23,67.8006,130.4114,51.06,70,100,6.46
562,Bealanana,MG,2022-07-09 03:24:23,-14.55,48.7333,52.75,93,87,5.84
563,Marshall,US,2022-07-09 03:23:29,34.3834,-86.3333,85.39,84,0,4.61
564,Le Mars,US,2022-07-09 03:24:04,42.7942,-96.1656,74.71,90,0,6.71
